Site number,Coefficients
,5.6923
-1.1,0
-1.2,-0.045266184
-1.3,-0.42184158
-2.1,-0.568654303
-2.2,0.082092632
-2.3,0
-3.1,-0.465921227
-3.2,-1.116210164
-3.3,-0.695508143
-4.1,-1.462196683
-4.2,-1.132740111
-4.3,-0.052730321
-5.1,0.334719965
-5.2,-0.074027503
-5.3,-0.165010678
-6.1,-0.245971587
-6.2,0.062334452
-6.3,-1.000095052
-7.1,-1.459765509
-7.2,-0.678386214
-7.3,-1.403905656
-8.1,0
-8.2,0.026608509
-8.3,0.750810206
-9.1,-0.26407821
-9.2,-0.380985796
-9.3,0.708685979
-10.1,0
-10.2,0.649085653
-10.3,-0.074169731
-11.1,0
-11.2,0
-11.3,0.127762549
-12.1,0
-12.2,0.033427114
-12.3,-0.271777564
-13.1,0
-13.2,0
-13.3,0.086151756
-14.1,-2.150935593
-14.2,-2.197515615
-14.3,-1.367203478
-15.1,-1.315736127
-15.2,-2.155237722
-15.3,-0.245735554
-16.1,0.020207294
-16.2,0
-16.3,0
-17.1,0
-17.2,-0.11715061
-17.3,0
-18.1,0.310577659
-18.2,0
-18.3,0
-19.1,0
-19.2,0
-19.3,0
-20.1,0.121907605
-20.2,0
-20.3,0.485020746
-21.1,0
-21.2,2.210746781
-21.3,-0.272845338
-22.1,-1.680444048
-22.2,-2.589118721
-22.3,-0.630365705
-23.1,1.561314654
-23.2,0.780262761
-23.3,-2.246435157
-24.1,0.443391185
-24.2,-0.516913492
-24.3,0.262866417
-25.1,0
-25.2,0.796620442
-25.3,0.041067533
-26.1,0
-26.2,-0.312286521
-26.3,-0.199055428
-27.1,-0.441654254
-27.2,-0.569269507
-27.3,-0.179694297
-28.1,-1.13113531
-28.2,-1.070017686
-28.3,-0.960888672
-29.1,-1.286848443
-29.2,-0.624924358
-29.3,0.372435763
-30.1,0.022326502
-30.2,-0.282799311
-30.3,-0.156011159
-31.1,-0.122646272
-31.2,0.641889741
-31.3,-0.702079432
-32.1,-1.157755623
-32.2,-0.976962954
-32.3,-0.429365536
-33.1,0.930005396
-33.2,0.656634597
-33.3,-0.367493905
-34.1,-0.532066058
-34.2,-0.787350066
-34.3,0
-35.1,0
-35.2,0
-35.3,0
-36.1,-0.048145899
-36.2,0
-36.3,0.111057478
-37.1,0
-37.2,0.020938781
-37.3,-0.169843942
-38.1,0.081826679
-38.2,-0.018487809
-38.3,-0.523977354
-39.1,-2.106572475
-39.2,-0.768827537
-39.3,1.789664802
-40.1,-1.409120896
-40.2,-1.771287849
-40.3,-0.830323802
-41.1,0.402383731
-41.2,0.014794583
-41.3,0.044369304
-42.1,0
-42.2,-0.160893361
-42.3,0
-43.1,-0.280917034
-43.2,0
-43.3,0
-44.1,0
-44.2,0.072877992
-44.3,0
-45.1,0.295082107
-45.2,0.622955727
-45.3,0.857588684
-46.1,0.477193542
-46.2,0.899696338
-46.3,0
-47.1,-2.164961446
-47.2,-2.63873671
-47.3,-0.68645373
-48.1,0
-48.2,0
-48.3,-1.940974565
-49.1,-0.104196077
-49.2,-0.051071805
-49.3,0
-50.1,0
-50.2,0.118313877
-50.3,0.144745707
-51.1,0
-51.2,-0.333137524
-51.3,0.230165224
-52.1,0
-52.2,-0.623309339
-52.3,-0.053579724
-53.1,-0.889988684
-53.2,-1.352572095
-53.3,-0.572334449
-54.1,-1.555179097
-54.2,-1.05843038
-54.3,0.32919166
-55.1,0
-55.2,-0.205883569
-55.3,-0.105183557
-56.1,-0.149364211
-56.2,-0.000281455
-56.3,-1.060503063
-57.1,-1.441852414
-57.2,-0.723319726
-57.3,-0.945415383
-58.1,2.191513378
-58.2,0.349258284
-58.3,-0.651049346
-59.1,0
-59.2,-0.650170583
-59.3,0
-60.1,0
-60.2,0
-60.3,0
-61.1,-0.051249576
-61.2,0.229796648
-61.3,0.203223886
-62.1,0.091745194
-62.2,0
-62.3,0
-63.1,0
-63.2,-0.02619475
-63.3,-1.355024191
-64.1,-2.169248295
-64.2,-0.928467301
-64.3,-1.865226951
-65.1,-0.775648891
-65.2,-1.045459346
-65.3,-0.60505759
-66.1,0.361873306
-66.2,0
-66.3,0.036446694
-67.1,-0.006203985
-67.2,0
-67.3,-0.056502529
-68.1,0
-68.2,-0.094076803
-68.3,0
-69.1,0
-69.2,0.037472059
-69.3,0.07313167
-70.1,0
-70.2,0
-70.3,-0.203382024
-71.1,0.056800814
-71.2,0.941604431
-71.3,-0.32025957
-72.1,-0.863321877
-72.2,-2.682210061
-72.3,-0.122777977
-73.1,0.193334591
-73.2,1.564275609
-73.3,-1.266254314
-74.1,-0.24952555
-74.2,0
-74.3,0
-75.1,0
-75.2,0
-75.3,0